カテゴリ,No,QA項目,確認手順,期待結果,対象プラットフォーム,優先度,備考
購入フロー,1,月額プランの価格表示,Proプラン画面で月額プランを選択する,価格が¥300/月と表示される（App Store Connect登録値と一致）,iOS,高,
購入フロー,2,年額プランの価格表示,Proプラン画面で年額プランを選択する,"価格が¥2,980/年、月あたり¥248相当の表示になる",iOS,高,
購入フロー,3,初回加入時のトライアル案内,初めてProに加入するユーザーでProプラン画面を開く,7日間無料トライアルの案内文言が表示される,iOS,高,
購入フロー,4,再加入時のトライアル文言と実際の課金の整合性,過去にトライアル済み（解約済み等）のユーザーが再度加入フローに入る,アプリの案内文言は変わらず「7日間無料」のままだが、実際のネイティブ決済ダイアログでは無トライアルの即時課金になっている。表示と実挙動が食い違っていないか確認する,iOS,高,クライアント側はhas_used_trialを判定していない既知仕様。表示とネイティブダイアログの整合性を要確認
購入フロー,5,2つの購入導線の一貫性,機能ロック時に出るPaywallModalと設定画面経由のapp/pro/index.tsxそれぞれから購入フローに入る,両方で同じプラン一覧・価格・トライアル案内が表示される,共通,中,PaywallModalとindex.tsxは購入ロジックがほぼ重複実装のため個別確認が必要
購入結果ハンドリング,6,購入成功,月額または年額プランを購入し決済を完了する,購入完了画面(success)に遷移し、Pro機能がロック解除される,iOS,高,
購入結果ハンドリング,7,購入成功後の同期失敗時の表示,購入直後にネットワークを切断する等でsync処理を失敗させる,決済自体は成功しているため「購入失敗」とは表示されず、成功画面に進む,iOS,高,issue#450で修正済みの回帰確認項目
購入結果ハンドリング,8,ユーザーキャンセル,ネイティブ決済ダイアログでキャンセルする,エラー表示は出ず、静かにProプラン画面に留まる,iOS,中,
購入結果ハンドリング,9,決済保留(Ask to Buyなど),ファミリー共有の承認待ち等でPAYMENT_PENDINGを発生させる,「お支払いが保留中です。承認が完了し次第、Proが有効になります」と案内される,iOS,中,実機での再現が難しい場合は開発者向け確認でも可
購入結果ハンドリング,10,他Apple IDで購入済みエラー,既に別のApple IDでPro購入済みの状態で新規購入を試みる,「既に購入済みです。「購入を復元」をお試しください」と案内される,iOS,中,
購入結果ハンドリング,11,購入ボタンの二重タップ防止,購入ボタンを連打する,決済処理が二重に走らず、1回分の購入のみ処理される,iOS,中,
購入復元,12,復元成功,過去に購入履歴がある同一Apple IDの端末で「購入を復元」を実行する,Pro状態が正しく復元され成功メッセージが表示される,iOS,高,
購入復元,13,復元対象0件,購入履歴が無いApple IDで「購入を復元」を実行する,「復元できる購入情報がありませんでした」と表示され、誤ってPro扱いにならない,iOS,高,issue#450で修正済みの回帰確認項目
購入復元,14,復元失敗,ネットワークを切断した状態で「購入を復元」を実行する,「復元に失敗しました。時間を置いて再度お試しください」と表示される,iOS,低,
サブスクリプション管理画面,15,未加入状態の表示,無料ユーザーでサブスクリプション管理画面を開く,「Proに加入する」CTAが表示される,共通,高,
サブスクリプション管理画面,16,トライアル中の表示,トライアル中のユーザーでサブスクリプション管理画面を開く,トライアル中である旨のバッジと次回更新日が表示される,iOS,高,
サブスクリプション管理画面,17,有効時の表示,通常課金中のユーザーでサブスクリプション管理画面を開く,次回更新日と「解約方法を見る」導線が表示される,共通,高,
サブスクリプション管理画面,18,解約済み(期限内)の表示,解約手続き済みだが期限内のユーザーで画面を開く,「利用期限」として次回失効日が表示され、Pro機能は引き続き利用できる,共通,高,
サブスクリプション管理画面,19,支払い問題発生時の表示,billing_issueステータスのユーザーで画面を開く,支払い情報の更新を促す表示になる,共通,中,実機での意図的な発生が難しい場合はDB直接操作での確認でも可
サブスクリプション管理画面,20,期限切れ後の表示,トライアルまたは課金期限が切れたユーザーで画面を開く,「Proに加入する」CTAが再表示される,共通,高,
サブスクリプション管理画面,21,状態取得APIエラー時の表示,pro/statusのAPI呼び出しを失敗させた状態で画面を開く,無料状態にフォールバック表示されず、エラーメッセージと再試行ボタンが表示される,共通,高,issue#450で修正済みの回帰確認項目
解約フロー,22,iOS加入者の解約導線,iOS課金のユーザーで「解約方法を見る」をタップする,アプリ内で解約は完結せず、Apple設定アプリのサブスクリプション画面へ誘導される,iOS,高,
解約フロー,23,Web加入者の解約導線,Web(Stripe)課金のユーザーで「解約方法を見る」をタップする,アプリ内で解約申請が完結し、成功メッセージが表示される,Web,高,
解約フロー,24,Web解約後の利用継続,Web加入者が解約申請後、次回更新日より前にアプリを開く,即時失効せず、期限までPro機能を引き続き利用できる,Web,中,
解約フロー,25,Android加入者への解約導線,Android課金のユーザーで解約導線を確認する,Google Playの解約手順が案内される（現状Apple向け文言が出る既知の問題があるため実際の表示を確認）,Web,低,issue#450で見送り判断済み。Android向けPro展開時に要対応
プラン変更,26,月額から年額への変更,月額プラン加入者がサブスクリプション管理画面からプランを年額に変更する,次回請求から年額プランの金額に切り替わる,共通,中,
プラン変更,27,年額から月額への変更,年額プラン加入者がプランを月額に変更する,次回請求から月額プランの金額に切り替わる,共通,中,
プラン変更,28,プラン変更後の状態整合性,プラン変更後にサブスクリプション管理画面を再確認する,plan_typeが正しく更新され、expires_at等の他の状態は不整合を起こさない,共通,中,
Entitlement/機能ゲーティング,29,練習メニュー上限,無料ユーザーが練習メニューを4件目登録しようとする,Pro加入を促す画面(PaywallModal)が表示される（無料枠3件）,共通,中,
Entitlement/機能ゲーティング,30,メディアアップロード上限,無料ユーザーが当月4点目の画像/動画をアップロードしようとする,Pro加入を促す画面が表示される（無料枠月3件）,共通,中,
Entitlement/機能ゲーティング,31,メニューセット上限,無料ユーザーがメニューセットを3件目作成しようとする,Pro加入を促す画面が表示される（無料枠2件）,共通,中,
Entitlement/機能ゲーティング,32,月次目標上限,無料ユーザーが月次目標を3件目作成しようとする,Pro加入を促す画面が表示される（無料枠2件、月次/週次/年間の合算）,共通,中,
Entitlement/機能ゲーティング,33,改善テーマ上限,無料ユーザーが取組中の改善テーマを3件目作成しようとする,Pro加入を促す画面が表示される（無料枠2件）,共通,中,
Entitlement/機能ゲーティング,34,振り返りテンプレ上限,無料ユーザーが自作の振り返りテンプレを2件目作成しようとする,Pro加入を促す画面が表示される（無料枠1件、プリセットは対象外）,共通,低,
Entitlement/機能ゲーティング,35,グループ上限(作成/参加/招待リンク),無料ユーザーが2件目のグループを作成・参加・招待リンクから参加しようとする,いずれの経路でもPro加入を促す画面が表示される（無料枠1件、作成+参加の合算）,共通,中,
Entitlement/機能ゲーティング,36,Pro加入者の上限撤廃,Pro加入者で上記29〜35の操作を行う,全て無制限に利用でき、Pro導線が表示されない,共通,高,
Entitlement/機能ゲーティング,37,広告非表示,Pro加入者でアプリ内の各画面を確認する,バナー広告・インタースティシャル広告が表示されない,共通,高,
Entitlement/機能ゲーティング,38,シーズン跨ぎ成績推移グラフ,無料ユーザーとPro加入者で成績推移グラフを比較する,無料ユーザーは直近シーズンのみ、Pro加入者は複数シーズン分が表示される,共通,中,
Entitlement/機能ゲーティング,39,草機能ヒートマップ全期間表示,無料ユーザーとPro加入者で草機能画面を比較する,無料ユーザーは直近30日、Pro加入者は全期間のヒートマップが表示される,共通,中,
通知バナー,40,トライアル終了間近バナー,トライアル残り3日以内の状態でタブ画面を開く,トライアル終了間近のバナーが表示され、タップでサブスクリプション管理画面に遷移する,iOS,中,
通知バナー,41,トライアル終了間近バナーの非表示,トライアル残り4日以上の状態でタブ画面を開く,バナーが表示されない,iOS,低,
通知バナー,42,支払い問題バナー,billing_issueステータスの状態でタブ画面を開く,支払い問題を知らせるバナーが表示される,共通,中,
Webhook同期・状態整合性,43,更新(RENEWAL)後の有効期限延長,サブスクリプションが自動更新される（Sandboxでは数分単位で再現可能）,expires_atが延長され、ステータスがactiveになる,back,高,
Webhook同期・状態整合性,44,更新後の遅延イベントによる誤失効防止,RENEWALで更新した直後に、古いEXPIRATIONイベントが遅れて届く状況を作る（開発者向け確認）,更新済みのPro状態が誤って失効しない,back,高,issue#450で修正済みの回帰確認項目
Webhook同期・状態整合性,45,同一Webhookイベント同時到達時の安定性,同一イベントがほぼ同時に複数回届く状況を作る（開発者向け確認）,二重処理・500エラーが発生せず、同一レコードとして冪等に処理される,back,高,issue#450で修正済みの回帰確認項目
Webhook同期・状態整合性,46,クロスプラットフォームでの状態同期,iOSで加入した後、front(Web)側の画面でもPro状態を確認する,mobileとfront双方で同じPro状態（プラン種別・期限）が表示される,共通,高,
Webhook同期・状態整合性,47,返金時の即時失効,RevenueCat/Stripeダッシュボードから返金処理を行う,即座にPro機能が失効する（次回更新を待たない）,back,中,
Webhook同期・状態整合性,48,自動更新オフからの復帰,解約申請後、期限前に再度自動更新をオンに戻す,ステータスがcancelledからactiveに復帰する,共通,低,
アカウント削除とPro,49,Pro加入中の削除ブロック,Pro加入中のユーザーがアカウント削除を試みる,「削除できません。Pro加入中のため、先に解約してください」の専用メッセージが表示される,共通,高,issue#450で追加された挙動
アカウント削除とPro,50,削除ブロック時の解約導線,上記メッセージから「解約する」ボタンをタップする,サブスクリプション管理画面へ遷移する,共通,中,
アカウント削除とPro,51,無料ユーザーの通常削除,無料ユーザーまたは解約済みユーザーがアカウント削除を試みる,通常通り削除が完了する,共通,中,
法務ページ導線,52,PaywallModal内の法務リンク,機能ロック時に表示されるPaywallModalの購入画面を開く,画面下部に利用規約・プライバシーポリシー・特定商取引法の3リンクがあり、それぞれ正しい画面に遷移する,共通,中,
法務ページ導線,53,app/pro/index.tsx経由の法務リンク,設定画面等からapp/pro/index.tsxのProプラン画面を開く,PaywallModalと同様の3リンクが表示されているか確認する,共通,中,現状リンクが無い既知の差異。仕様として許容するか確認
法務ページ導線,54,特定商取引法ページの価格表示,特定商取引法に基づく表記ページを開く,"月額¥300・年額¥2,980の正しい価格が表示されている",共通,高,
フィーチャーフラグ(pro_features)OFF時,55,Proプラン画面へのアクセス,pro_featuresフラグをOFFにした状態で/proへアクセスする,ホーム画面へリダイレクトされる,共通,中,
フィーチャーフラグ(pro_features)OFF時,56,サブスクリプション管理画面へのアクセス,フラグOFFの状態で/account/subscriptionへアクセスする,ホーム画面へリダイレクトされる,共通,中,
フィーチャーフラグ(pro_features)OFF時,57,PaywallModalの表示,フラグOFFの状態で機能ロック時にPaywallModalを開こうとする,モーダルは表示されない,共通,中,
フィーチャーフラグ(pro_features)OFF時,58,Pro導線ボタンの残存,フラグOFFの状態で機能ロック画面自体を確認する,Pro訴求ボタンや設定画面のPro項目が残っていないか確認する,共通,低,モーダルは非表示だが呼び出し元のボタン自体は残る既知の懸念点
既知の実装差異・エッジケース,59,加入済みユーザーへのPro訴求表示,Pro加入済みユーザーで設定画面を開く,「Proプランを見る」等の未加入者向け項目が表示されていないか確認する,共通,低,未実装のTODOコメントが残っている既知の懸念点
既知の実装差異・エッジケース,60,pendingステータスの発生有無,通常の購入・解約・更新フローを一通り実施する,ステータスがpendingになるケースが実際に発生するか確認する（想定では発生しない）,back,低,コード上pendingへの遷移経路が見当たらないため開発者向け確認
